RXCUI,Ingredient,Strength,First Ordered,Last Ordered,Order Count,Largest Order Size (pkg),Largest Order Date(s),Order Limit (avg),Order Limit (max),Cheapest NDC,Treats
200033,carvedilol,25 MG,2015-12-14,2016-08-30,5,500,"[datetime.date(2016, 5, 31)]",57.94701986754966,125.0,68462016505,"['Angina Pectoris', 'Heart Failure', 'Hypertension', 'Myocardial Infarction']"
310433,gabapentin,600 MG,2016-01-07,2016-07-01,5,1500,"[datetime.date(2016, 1, 7), datetime.date(2016, 1, 19), datetime.date(2016, 2, 23)]",98.50993377483444,437.5,31722040505,"['Bipolar Disorder', 'Epilepsies, Partial', 'Pain', 'Phobic Disorders']"
197904,Lovastatin,20 MG,2015-12-11,2016-03-22,2,500,"[datetime.date(2015, 12, 11), datetime.date(2016, 3, 22)]",11.589403973509933,17.15686274509804,0185-0072-01,"['Arteriosclerosis', 'Coronary Artery Disease', 'Hypercholesterolemia', 'Hyperlipidemias', 'Hyperlipoproteinemias', 'Hypertriglyceridemia']"
863664,oxybutynin,5 MG (expressed as Oxybutynin chloride),2015-12-08,2016-03-30,3,1000,"[datetime.date(2015, 12, 8), datetime.date(2016, 2, 26), datetime.date(2016, 3, 30)]",34.7682119205298,106.06060606060606,0832-0038-10,"['Urinary Bladder Diseases', 'Urinary Bladder, Neurogenic', 'Urinary Incontinence']"
198145,Prednisone,10 MG,2015-12-11,2015-12-11,1,500,"[datetime.date(2015, 12, 11)]",5.7947019867549665,-1,0054-0017-29,"['Adrenal Insufficiency', 'Autoimmune Diseases', 'Collagen Diseases', 'Eye Diseases', 'Gastrointestinal Diseases', 'Graft vs Host Disease', 'Hematologic Diseases', 'Hypercalcemia', 'Hypersensitivity', 'Inflammation', 'Neoplasms', 'Respiratory Tract Diseases', 'Rheumatic Diseases', 'Skin Diseases']"
880407,POLYETHYLENE GLYCOL 3350,142 MG/ML,2015-12-08,2016-05-31,8,6,"[datetime.date(2015, 12, 8)]",0.6026490066225165,1.09375,49348089370,[]
309314,Citalopram,40 MG,2015-12-08,2016-01-12,2,500,"[datetime.date(2015, 12, 8)]",17.3841059602649,50.0,31722020805,"['Alcoholism', 'Dementia', 'Depressive Disorder', 'Diabetic Neuropathies', 'Obsessive-Compulsive Disorder', 'Tobacco Use Disorder']"
199903,Hydrochlorothiazide,12.5 MG,2015-12-14,2016-08-16,6,1000,"[datetime.date(2015, 12, 14), datetime.date(2016, 2, 16), datetime.date(2016, 3, 31), datetime.date(2016, 7, 8), datetime.date(2016, 8, 16)]",66.05960264900662,89.74358974358975,59746038206,"['Edema', 'Heart Failure', 'Hypertension', 'Nephrotic Syndrome']"
310325,ferrous sulfate,325 MG,2015-12-08,2016-09-13,4,2000,"[datetime.date(2015, 12, 8), datetime.date(2016, 3, 30), datetime.date(2016, 8, 23)]",104.3046357615894,333.3333333333333,0904-7590-80,"['Anemia, Hypochromic', 'Pregnancy Complications, Hematologic', 'Anemia, Iron-Deficiency']"
979485,Losartan,25 MG (expressed as Losartan Potassium),2015-12-11,2016-04-19,2,1000,"[datetime.date(2015, 12, 11)]",28.97350993377483,26.92307692307692,16571050050,"['Diabetic Nephropathies', 'Heart Failure', 'Hypertension', 'Ventricular Dysfunction, Left']"
309595,Vitamin B 12,0.1 MG,2016-01-19,2016-07-12,2,390,"[datetime.date(2016, 1, 19)]",12.05298013245033,7.8,0904-1132-13,"['Anemia, Pernicious', 'Diabetic Neuropathies', 'Multiple Sclerosis', 'Vitamin B 12 Deficiency', 'Alcoholic Neuropathy']"
584414,Nystatin,100 UNT/MG,2015-12-14,2015-12-14,1,5,"[datetime.date(2015, 12, 14)]",0.057947019867549666,-1,0832-0465-15,"['Candidiasis', 'Candidiasis, Chronic Mucocutaneous', 'Candidiasis, Cutaneous', 'Candidiasis, Oral', 'Candidiasis, Vulvovaginal']"
197807,Ibuprofen,800 MG,2016-01-19,2016-08-05,2,750,"[datetime.date(2016, 1, 19)]",14.486754966887416,13.190954773869347,63739069101,"['Arthritis, Juvenile', 'Arthritis, Rheumatoid', 'Bursitis', 'Dysmenorrhea', 'Fever', 'Gout', 'Inflammation', 'Menorrhagia', 'Osteoarthritis', 'Pain', 'Pain, Postoperative', 'Premenstrual Syndrome', 'Rheumatic Diseases', 'Spondylitis, Ankylosing']"
317110,Isosorbide,30 MG,2016-01-19,2016-09-20,5,100,"[datetime.date(2016, 1, 19), datetime.date(2016, 3, 31)]",12.748344370860925,37.5,13668010401,"['Angina Pectoris', 'Coronary Disease', 'Cyanosis', 'Gastroesophageal Reflux', 'Heart Failure', 'Poisoning', 'Esophageal Spasm, Diffuse']"
308867,Calcitriol,0.00025 MG,2015-12-11,2015-12-11,1,200,"[datetime.date(2015, 12, 11)]",2.3178807947019866,-1,0054-0007-25,"['Hyperparathyroidism', 'Hypocalcemia', 'Psoriasis', 'Rickets', 'Vitamin E Deficiency']"
866514,Metoprolol,50 MG (expressed as Metoprolol Tartrate),2015-12-11,2016-05-17,2,2000,"[datetime.date(2015, 12, 11), datetime.date(2016, 5, 17)]",46.35761589403973,44.303797468354425,65862006399,"['Angina Pectoris', 'Atrial Fibrillation', 'Atrial Flutter', 'Heart Failure', 'Hypertension', 'Myocardial Infarction', 'Tachycardia, Supraventricular', 'Ventricular Fibrillation', 'Tachycardia, Ventricular']"
1234571,Phenylephrine,100 MG/ML (expressed as Phenylephrine Hydrochloride),2016-01-19,2016-01-19,1,2,"[datetime.date(2016, 1, 19)]",0.023178807947019864,-1,42702010305,"['Fissure in Ano', 'Glaucoma, Open-Angle', 'Hemorrhoids', 'Hypotension', 'Pruritus Ani', 'Rhinitis, Vasomotor', 'Shock, Septic', 'Tachycardia, Supraventricular']"
904467,Pravastatin,20 MG (expressed as Pravastatin Sodium),2015-12-08,2016-08-26,3,500,"[datetime.date(2016, 8, 26)]",11.009933774834437,9.0,55111023005,"['Arteriosclerosis', 'Coronary Artery Disease', 'Hypercholesterolemia', 'Hyperlipidemias', 'Hyperlipoproteinemias', 'Hypertriglyceridemia']"
199247,glimepiride,4 MG,2016-01-05,2016-08-05,4,600,"[datetime.date(2016, 1, 5)]",41.721854304635755,150.0,16729000301,"['Diabetes Mellitus, Type 2']"
979480,Losartan,100 MG (expressed as Losartan Potassium),2016-01-19,2016-07-15,3,2,"[datetime.date(2016, 1, 19), datetime.date(2016, 5, 6), datetime.date(2016, 7, 15)]",0.0695364238410596,0.1,65862020399,"['Diabetic Nephropathies', 'Heart Failure', 'Hypertension', 'Ventricular Dysfunction, Left']"
311666,Metoclopramide,10 MG,2016-01-19,2016-05-20,2,1000,"[datetime.date(2016, 1, 19)]",17.3841059602649,28.688524590163937,0093-2203-05,"['Gastroesophageal Reflux', 'Nausea', 'Vomiting', 'Gastroparesis', 'Postoperative Nausea and Vomiting']"
310537,Glyburide,5 MG,2015-12-03,2016-08-16,7,1000,"[datetime.date(2015, 12, 3), datetime.date(2016, 1, 19), datetime.date(2016, 3, 1), datetime.date(2016, 5, 4), datetime.date(2016, 5, 10)]",77.64900662251655,583.3333333333334,63739011910,"['Diabetes Mellitus, Type 2']"
313217,Terazosin,2 MG,2015-12-08,2016-05-31,3,1000,"[datetime.date(2015, 12, 8), datetime.date(2016, 5, 31)]",28.97350993377483,45.45454545454545,59746038410,"['Hypertension', 'Prostatic Hyperplasia', 'Urination Disorders', 'Urinary Retention']"
966191,Thyroxine,0.125 MG,2015-12-11,2016-02-23,2,1000,"[datetime.date(2016, 2, 23)]",14.718543046357615,12.77027027027027,0074-7068-19,"['Goiter', 'Hypothyroidism', 'Myxedema', 'Thyroid Neoplasms', 'Thyroiditis, Autoimmune', 'Thyrotoxicosis']"
314077,Lisinopril,20 MG,2015-12-08,2016-08-26,5,2000,"[datetime.date(2015, 12, 8), datetime.date(2016, 5, 13), datetime.date(2016, 7, 15), datetime.date(2016, 8, 26)]",127.48344370860926,166.66666666666666,0185-0620-10,"['Diabetic Nephropathies', 'Heart Failure', 'Hypertension', 'Ventricular Dysfunction, Left']"
310534,Glyburide,2.5 MG,2016-01-19,2016-08-16,3,1000,"[datetime.date(2016, 1, 19), datetime.date(2016, 3, 1), datetime.date(2016, 8, 16)]",34.7682119205298,83.33333333333333,0093-8343-10,"['Diabetes Mellitus, Type 2']"
866511,Metoprolol,100 MG (expressed as Metoprolol Tartrate),2015-12-11,2016-03-11,2,400,"[datetime.date(2015, 12, 11)]",10.430463576158939,15.384615384615385,65862006401,"['Angina Pectoris', 'Atrial Fibrillation', 'Atrial Flutter', 'Heart Failure', 'Hypertension', 'Myocardial Infarction', 'Tachycardia, Supraventricular', 'Ventricular Fibrillation', 'Tachycardia, Ventricular']"
311372,Loratadine,10 MG,2015-12-08,2016-08-16,8,1350,"[datetime.date(2015, 12, 8), datetime.date(2016, 1, 12), datetime.date(2016, 3, 8)]",130.38079470198676,225.0,49348081813,"['Rhinitis, Allergic, Perennial', 'Urticaria']"
313096,Spironolactone,25 MG,2015-12-14,2016-03-25,2,2000,"[datetime.date(2015, 12, 14), datetime.date(2016, 3, 25)]",46.35761589403973,68.62745098039215,53746051110,"['Ascites', 'Edema', 'Heart Failure', 'Hirsutism', 'Hyperaldosteronism', 'Hypertension', 'Hypokalemia']"
904481,Pravastatin,80 MG (expressed as Pravastatin Sodium),2015-12-11,2016-01-19,2,180,"[datetime.date(2015, 12, 11)]",6.258278145695364,16.153846153846153,68382007316,"['Arteriosclerosis', 'Coronary Artery Disease', 'Hypercholesterolemia', 'Hyperlipidemias', 'Hyperlipoproteinemias', 'Hypertriglyceridemia']"
197732,Furosemide,80 MG,2015-12-11,2016-08-09,2,1500,"[datetime.date(2015, 12, 11), datetime.date(2016, 8, 9)]",34.7682119205298,21.694214876033058,0781-1446-05,"['Ascites', 'Edema', 'Heart Failure', 'Hypertension', 'Kidney Failure, Acute', 'Kidney Failure, Chronic', 'Liver Cirrhosis', 'Liver Diseases', 'Nephrotic Syndrome', 'Pulmonary Edema']"
1293665,Aspirin,81 MG,2015-12-11,2016-05-20,2,4000,"[datetime.date(2015, 12, 11), datetime.date(2016, 5, 20)]",92.71523178807946,86.95652173913044,0904-7704-80,"['Arthritis, Rheumatoid', 'Fever', 'Gout', 'Inflammation', 'Osteoarthritis', 'Pain', 'Rheumatic Fever']"
884173,Clonidine,0.1 MG (expressed as Clonidine Hydrochloride),2015-12-14,2016-03-30,2,500,"[datetime.date(2015, 12, 14), datetime.date(2016, 3, 30)]",11.589403973509933,16.355140186915886,0228-2127-50,"['Glaucoma', 'Hypertension', 'Opioid-Related Disorders', 'Pain', 'Attention Deficit and Disruptive Behavior Disorders', 'Attention Deficit Disorder with Hyperactivity', 'Diarrhea', 'Dysmenorrhea', 'Tourette Syndrome', 'Glaucoma', 'Hypertension', 'Muscle Spasticity', 'Pain, Intractable', 'Sialorrhea', 'Substance Withdrawal Syndrome', 'Hot Flashes', 'Alcohol-Induced Disorders, Nervous System']"
1483340,Potassium Chloride,20 MEQ,2015-12-14,2016-09-15,4,300,"[datetime.date(2015, 12, 14), datetime.date(2016, 3, 25)]",9.271523178807946,11.931818181818182,0074-3023-13,['Hypokalemia']
242438,montelukast,5 MG,2015-12-11,2015-12-11,1,180,"[datetime.date(2015, 12, 11)]",2.086092715231788,-1,0781-5555-92,"['Asthma', 'Rhinitis, Allergic, Perennial']"
310798,Hydrochlorothiazide,25 MG,2015-12-14,2016-08-05,3,4000,"[datetime.date(2015, 12, 14)]",115.89403973509933,125.0,0603-3856-32,"['Edema', 'Heart Failure', 'Hypertension', 'Nephrotic Syndrome']"
979092,Hydroxychloroquine,200 MG (expressed as Hydroxychloroquine Sulfate),2015-12-08,2015-12-08,1,800,"[datetime.date(2015, 12, 8)]",9.271523178807946,-1,42291031801,"['Arthritis, Rheumatoid', 'Lupus Erythematosus, Systemic', 'Malaria', 'Photosensitivity Disorders', 'Rheumatic Diseases', 'Porphyria Cutanea Tarda']"
200032,carvedilol,12.5 MG,2015-12-08,2016-09-20,3,2000,"[datetime.date(2015, 12, 8), datetime.date(2016, 5, 10), datetime.date(2016, 9, 20)]",69.5364238410596,52.63157894736842,0093-7295-05,"['Angina Pectoris', 'Heart Failure', 'Hypertension', 'Myocardial Infarction']"
993691,Bupropion,75 MG (expressed as Bupropion Hydrochloride),2015-12-08,2016-03-31,2,500,"[datetime.date(2015, 12, 8), datetime.date(2016, 3, 31)]",11.589403973509933,15.350877192982457,60505015801,"['Attention Deficit Disorder with Hyperactivity', 'Depressive Disorder', 'Tobacco Use Disorder']"
830861,Diltiazem,120 MG (expressed as Diltiazem Hydrochloride),2015-12-14,2016-04-12,2,270,"[datetime.date(2015, 12, 14), datetime.date(2016, 4, 12)]",6.258278145695364,7.875,68682036790,"['Angina Pectoris', 'Angina Pectoris, Variant', 'Atrial Fibrillation', 'Atrial Flutter', 'Hypertension', 'Myocardial Infarction', 'Tachycardia, Supraventricular']"
309362,clopidogrel,75 MG,2015-12-11,2016-08-23,4,1000,"[datetime.date(2016, 7, 29)]",42.06953642384106,140.0,47335089413,[]
866924,Metoprolol,25 MG (expressed as Metoprolol Tartrate),2015-12-08,2016-08-23,4,1000,"[datetime.date(2015, 12, 8), datetime.date(2016, 2, 19)]",69.5364238410596,85.3658536585366,0904-6340-80,"['Angina Pectoris', 'Atrial Fibrillation', 'Atrial Flutter', 'Heart Failure', 'Hypertension', 'Myocardial Infarction', 'Tachycardia, Supraventricular', 'Ventricular Fibrillation', 'Tachycardia, Ventricular']"
312941,Sertraline,50 MG,2015-12-08,2016-08-19,5,2,"[datetime.date(2015, 12, 8), datetime.date(2016, 3, 8), datetime.date(2016, 5, 31), datetime.date(2016, 7, 29)]",0.12748344370860926,0.3333333333333333,16714061205,"['Anxiety Disorders', 'Feeding and Eating Disorders', 'Depressive Disorder', 'Obsessive-Compulsive Disorder', 'Stress Disorders, Post-Traumatic', 'Panic Disorder']"
1550940,Colchicine,0.6 MG,2015-12-11,2016-05-13,3,100,"[datetime.date(2015, 12, 11), datetime.date(2016, 2, 16), datetime.date(2016, 5, 13)]",3.47682119205298,5.223880597014926,0143-3018-01,"['Amyloidosis', 'Gout', 'Liver Cirrhosis, Biliary', 'Familial Mediterranean Fever']"
310431,gabapentin,300 MG,2016-01-29,2016-09-22,6,2000,"[datetime.date(2016, 1, 29)]",75.40066225165562,141.8918918918919,69097081412,"['Bipolar Disorder', 'Epilepsies, Partial', 'Pain', 'Phobic Disorders']"
577033,sildenafil,20 MG,2015-12-08,2016-09-15,4,90,"[datetime.date(2015, 12, 8), datetime.date(2016, 1, 29)]",9.387417218543046,12.6,0093-5517-98,"['Impotence, Vasculogenic']"
314076,Lisinopril,10 MG,2015-12-08,2016-05-13,3,1000,"[datetime.date(2015, 12, 8)]",57.94701986754966,69.3069306930693,0185-0610-10,"['Diabetic Nephropathies', 'Heart Failure', 'Hypertension', 'Ventricular Dysfunction, Left']"
562508,Amoxicillin,875 MG / 125 MG,2016-01-21,2016-03-04,3,200,"[datetime.date(2016, 2, 26)]",4.172185430463576,100.0,16714047802,"['Actinomycosis', 'Bites, Human', 'Chlamydia Infections', 'Duodenal Ulcer', 'Listeriosis', 'Lyme Disease', 'Otitis Media', 'Respiratory Tract Infections', 'Sinusitis', 'Streptococcal Infections', 'Urinary Tract Infections', 'Helicobacter Infections', 'Gram-Negative Bacterial Infections', 'Gram-Positive Bacterial Infections', 'Skin Diseases, Bacterial', 'Soft Tissue Infections']"
997420,fexofenadine,180 MG (expressed as Fexofenadine hydrochloride),2016-01-29,2016-01-29,1,350,"[datetime.date(2016, 1, 29)]",4.056291390728476,-1,,"['Rhinitis, Allergic, Perennial', 'Urticaria']"
705727,Cholecalciferol,,2016-01-29,2016-01-29,1,300,"[datetime.date(2016, 1, 29)]",3.47682119205298,-1,37583402001,"['Cardiovascular Diseases', 'Crohn Disease', 'Kidney Failure, Chronic', 'Lung Neoplasms', 'Neoplasms', 'Osteoporosis', 'Psoriasis', 'Skin Diseases', 'Skin Neoplasms']"
993503,Bupropion,100 MG (expressed as Bupropion Hydrochloride),2016-01-12,2016-01-29,2,500,"[datetime.date(2016, 1, 12)]",17.3841059602649,102.94117647058825,47335073688,"['Attention Deficit Disorder with Hyperactivity', 'Depressive Disorder', 'Tobacco Use Disorder']"
313989,Fluoxetine,40 MG,2016-01-21,2016-08-16,2,500,"[datetime.date(2016, 1, 21), datetime.date(2016, 8, 16)]",11.589403973509933,8.413461538461538,65862019405,"['Bulimia', 'Depressive Disorder', 'Obsessive-Compulsive Disorder', 'Panic Disorder']"
966247,Thyroxine,0.05 MG (expressed as Levothyroxine Sodium),2016-01-21,2016-05-31,2,1000,"[datetime.date(2016, 1, 21), datetime.date(2016, 5, 31)]",23.178807947019866,26.717557251908396,0074-4552-19,"['Goiter', 'Hypothyroidism', 'Myxedema', 'Thyroid Neoplasms', 'Thyroiditis, Autoimmune', 'Thyrotoxicosis']"
198370,torsemide,100 MG,2016-01-21,2016-01-21,1,100,"[datetime.date(2016, 1, 21)]",1.1589403973509933,-1,50111091801,"['Ascites', 'Edema', 'Heart Failure', 'Hypertension', 'Kidney Failure, Acute', 'Kidney Failure, Chronic', 'Liver Cirrhosis', 'Liver Diseases', 'Nephrotic Syndrome', 'Pulmonary Edema']"
308979,Carbamazepine,200 MG,2016-01-07,2016-08-02,4,200,"[datetime.date(2016, 1, 7)]",12.748344370860925,95.45454545454545,51079038520,"['Bipolar Disorder', 'Epilepsy, Tonic-Clonic', 'Psychotic Disorders', 'Restless Legs Syndrome', 'Schizophrenia', 'Stress Disorders, Post-Traumatic', 'Substance Withdrawal Syndrome', 'Trigeminal Neuralgia', 'Epilepsy, Complex Partial']"
25138,Fluorescein,,2016-01-05,2016-02-04,3,1,"[datetime.date(2016, 1, 5), datetime.date(2016, 2, 4)]",0.04635761589403973,0.4375,24208073205,[]
861004,Metformin,1000 MG (expressed as Metformin hydrochloride),2015-12-11,2016-08-19,7,3000,"[datetime.date(2015, 12, 11), datetime.date(2016, 2, 9), datetime.date(2016, 3, 31), datetime.date(2016, 5, 10), datetime.date(2016, 7, 22), datetime.date(2016, 8, 19)]",208.6440397350993,1500.0,68382076010,"['Diabetes Mellitus, Type 2']"
198012,Naproxen,375 MG,2015-12-08,2016-04-07,2,2000,"[datetime.date(2015, 12, 8)]",40.562913907284766,57.85123966942149,31722034105,"['Arthritis, Juvenile', 'Arthritis, Rheumatoid', 'Bursitis', 'Dysmenorrhea', 'Fever', 'Gout', 'Inflammation', 'Osteoarthritis', 'Pain', 'Rheumatic Diseases', 'Spondylitis, Ankylosing']"
203088,Ketoconazole,20 MG/ML,2016-01-29,2016-08-30,4,7,"[datetime.date(2016, 1, 29), datetime.date(2016, 8, 30)]",0.2433774834437086,0.6282051282051282,0093-0840-15,"['Blastomycosis', 'Candidiasis', 'Candidiasis, Chronic Mucocutaneous', 'Candidiasis, Cutaneous', 'Candidiasis, Oral', 'Candidiasis, Vulvovaginal', 'Coccidioidomycosis', 'Dermatomycoses', 'Histoplasmosis', 'Leishmaniasis', 'Mycoses', 'Paracoccidioidomycosis', 'Dermatitis, Seborrheic', 'Tinea', 'Tinea Pedis', 'Tinea Versicolor', 'Acanthamoeba Keratitis']"
1649990,Doxycycline,100 MG (expressed as Doxycycline Monohydrate),2015-12-14,2016-09-13,3,250,"[datetime.date(2015, 12, 14)]",12.16887417218543,19.021739130434785,0713-0429-50,"['Anthrax', 'Chlamydia Infections', 'Mycoplasma Infections', 'Pleural Effusion', 'Rickettsia Infections', 'Syphilis', 'Gram-Negative Bacterial Infections', 'Gram-Positive Bacterial Infections', 'Pneumonia, Bacterial']"
200371,Citalopram,20 MG,2016-01-12,2016-01-19,2,1000,"[datetime.date(2016, 1, 12)]",28.97350993377483,500.0,13668001005,"['Alcoholism', 'Dementia', 'Depressive Disorder', 'Diabetic Neuropathies', 'Obsessive-Compulsive Disorder', 'Tobacco Use Disorder']"
311197,Isosorbide,20 MG,2016-01-19,2016-01-19,1,200,"[datetime.date(2016, 1, 19)]",2.3178807947019866,-1,0228-2620-11,"['Angina Pectoris', 'Coronary Disease', 'Cyanosis', 'Gastroesophageal Reflux', 'Heart Failure', 'Poisoning', 'Esophageal Spasm, Diffuse']"
830717,Vitamin E,200 MG (expressed as docosahexaenoic acid) / 300 MG (expressed as Eicosapentaenoic Acid) / 1 UNT,2016-01-19,2016-01-19,1,720,"[datetime.date(2016, 1, 19)]",8.344370860927151,-1,10939-517-44,"['Alzheimer Disease', 'Anemia, Hemolytic', 'Dyskinesia, Drug-Induced', 'Vitamin E Deficiency', 'Dyskinesias']"
1658150,Hepatitis B Surface Antigen Vaccine,0.01 MG/ML,2016-01-12,2016-01-12,1,10,"[datetime.date(2016, 1, 12)]",0.11589403973509933,-1,0006-4995-41,[]
855290,Warfarin,1 MG (expressed as Warfarin Sodium),2016-01-12,2016-04-19,2,400,"[datetime.date(2016, 1, 12)]",8.112582781456952,14.285714285714286,0056-0169-75,"['Atrial Fibrillation', 'Postoperative Complications', 'Pulmonary Embolism', 'Thromboembolism', 'Thrombophlebitis', 'Venous Thrombosis', 'Stroke']"
1649401,Doxycycline,50 MG (expressed as Doxycycline Monohydrate),2016-01-07,2016-01-12,2,100,"[datetime.date(2016, 1, 7)]",3.47682119205298,70.0,49884072601,"['Anthrax', 'Chlamydia Infections', 'Mycoplasma Infections', 'Pleural Effusion', 'Rickettsia Infections', 'Syphilis', 'Gram-Negative Bacterial Infections', 'Gram-Positive Bacterial Infections', 'Pneumonia, Bacterial']"
310429,Furosemide,20 MG,2016-01-12,2016-01-12,1,1000,"[datetime.date(2016, 1, 12)]",11.589403973509933,-1,0781-1818-10,"['Ascites', 'Edema', 'Heart Failure', 'Hypertension', 'Kidney Failure, Acute', 'Kidney Failure, Chronic', 'Liver Cirrhosis', 'Liver Diseases', 'Nephrotic Syndrome', 'Pulmonary Edema']"
313988,Furosemide,40 MG,2016-01-12,2016-01-12,1,1000,"[datetime.date(2016, 1, 12)]",11.589403973509933,-1,0781-1966-10,"['Ascites', 'Edema', 'Heart Failure', 'Hypertension', 'Kidney Failure, Acute', 'Kidney Failure, Chronic', 'Liver Cirrhosis', 'Liver Diseases', 'Nephrotic Syndrome', 'Pulmonary Edema']"
197805,Ibuprofen,400 MG,2016-01-12,2016-08-05,3,2500,"[datetime.date(2016, 1, 12), datetime.date(2016, 8, 2)]",81.12582781456953,2916.666666666667,67877029405,"['Arthritis, Juvenile', 'Arthritis, Rheumatoid', 'Bursitis', 'Dysmenorrhea', 'Fever', 'Gout', 'Inflammation', 'Menorrhagia', 'Osteoarthritis', 'Pain', 'Pain, Postoperative', 'Premenstrual Syndrome', 'Rheumatic Diseases', 'Spondylitis, Ankylosing']"
198371,torsemide,20 MG,2016-01-12,2016-03-30,2,300,"[datetime.date(2016, 1, 12)]",12.748344370860925,13.461538461538462,31722053101,"['Ascites', 'Edema', 'Heart Failure', 'Hypertension', 'Kidney Failure, Acute', 'Kidney Failure, Chronic', 'Liver Cirrhosis', 'Liver Diseases', 'Nephrotic Syndrome', 'Pulmonary Edema']"
855304,Warfarin,2 MG (expressed as Warfarin Sodium),2016-01-12,2016-01-12,1,300,"[datetime.date(2016, 1, 12)]",3.47682119205298,-1,0056-0170-75,"['Atrial Fibrillation', 'Postoperative Complications', 'Pulmonary Embolism', 'Thromboembolism', 'Thrombophlebitis', 'Venous Thrombosis', 'Stroke']"
282401,lamotrigine,25 MG,2016-03-11,2016-03-11,1,1000,"[datetime.date(2016, 3, 11)]",11.589403973509933,-1,42291036610,"['Bipolar Disorder', 'Epilepsies, Partial', 'Seizures']"
861007,Metformin,500 MG (expressed as Metformin hydrochloride),2016-02-05,2016-05-31,3,3000,"[datetime.date(2016, 3, 25)]",81.12582781456953,156.71641791044777,65862000899,"['Diabetes Mellitus, Type 2']"
200224,montelukast,10 MG,2016-01-12,2016-05-13,2,1000,"[datetime.date(2016, 1, 12), datetime.date(2016, 5, 13)]",23.178807947019866,28.688524590163937,31722072610,"['Asthma', 'Rhinitis, Allergic, Perennial']"
198052,Ondansetron,4 MG,2016-01-12,2016-08-30,3,60,"[datetime.date(2016, 1, 12)]",2.781456953642384,5.25,68462010530,['Alcoholism']
313409,Timolol,5 MG/ML,2016-01-12,2016-08-09,2,2,"[datetime.date(2016, 1, 12)]",0.08112582781456953,0.03333333333333333,50383002110,"['Angina Pectoris', 'Glaucoma, Open-Angle', 'Heart Failure', 'Hypertension', 'Myocardial Infarction', 'Ocular Hypertension']"
197311,Acyclovir,400 MG,2016-01-07,2016-08-23,3,2000,"[datetime.date(2016, 1, 7)]",46.35761589403973,194.44444444444443,60505530608,"['Chickenpox', 'Herpes Genitalis', 'Herpes Labialis', 'Herpes Simplex', 'Herpes Zoster', 'Herpes Zoster Ophthalmicus', 'AIDS-Related Opportunistic Infections', 'Epstein-Barr Virus Infections', 'Encephalitis, Herpes Simplex']"
213442,"Regular Insulin, Human",70 UNT/ML / 30 UNT/ML,2016-01-07,2016-01-07,1,10,"[datetime.date(2016, 1, 7)]",0.11589403973509933,-1,30169183711,"['Diabetes Mellitus, Type 1', 'Diabetes Mellitus, Type 2', 'Hyperglycemia', 'Diabetes Mellitus, Type 1', 'Diabetes Mellitus, Type 2', 'Hyperglycemia', 'Hyperkalemia', 'Nutritional and Metabolic Diseases', 'Myocardial Reperfusion Injury', 'Diabetic Ketoacidosis']"
904475,Pravastatin,40 MG (expressed as Pravastatin Sodium),2016-01-07,2016-08-30,3,500,"[datetime.date(2016, 1, 7), datetime.date(2016, 8, 23), datetime.date(2016, 8, 30)]",17.3841059602649,250.0,55111023105,"['Arteriosclerosis', 'Coronary Artery Disease', 'Hypercholesterolemia', 'Hyperlipidemias', 'Hyperlipoproteinemias', 'Hypertriglyceridemia']"
200329,Omeprazole,40 MG,2016-01-07,2016-09-13,6,3000,"[datetime.date(2016, 1, 7), datetime.date(2016, 2, 16), datetime.date(2016, 7, 1)]",173.84105960264898,262.5,55111015905,"['Duodenal Ulcer', 'Esophagitis', 'Gastroesophageal Reflux', 'Heartburn', 'Peptic Ulcer', 'Stomach Ulcer', 'Zollinger-Ellison Syndrome', 'Helicobacter Infections']"
315739,Vitamin B 12,,2016-01-07,2016-01-07,1,390,"[datetime.date(2016, 1, 7)]",4.519867549668874,-1,30904421713,"['Anemia, Pernicious', 'Diabetic Neuropathies', 'Multiple Sclerosis', 'Vitamin B 12 Deficiency', 'Alcoholic Neuropathy']"
630208,Albuterol,0.83 MG/ML,2016-01-07,2016-07-29,3,480,"[datetime.date(2016, 1, 7), datetime.date(2016, 4, 7), datetime.date(2016, 7, 29)]",16.688741721854303,18.46153846153846,0591-3797-60,"['Asthma', 'Lung Diseases, Obstructive']"
855334,Warfarin,5 MG (expressed as Warfarin Sodium),2016-01-07,2016-03-11,2,300,"[datetime.date(2016, 1, 7)]",8.112582781456952,16.40625,0056-0172-75,"['Atrial Fibrillation', 'Postoperative Complications', 'Pulmonary Embolism', 'Thromboembolism', 'Thrombophlebitis', 'Venous Thrombosis', 'Stroke']"
543546,Nystatin,100000 UNT/ML,2016-01-07,2016-05-31,3,2,"[datetime.date(2016, 1, 7)]",0.1390728476821192,0.19886363636363638,0168-0054-15,"['Candidiasis', 'Candidiasis, Chronic Mucocutaneous', 'Candidiasis, Cutaneous', 'Candidiasis, Oral', 'Candidiasis, Vulvovaginal']"
993518,Bupropion,150 MG (expressed as Bupropion Hydrochloride),2016-01-05,2016-09-13,4,1000,"[datetime.date(2016, 1, 12), datetime.date(2016, 3, 25)]",40.562913907284766,375.0,47335073713,"['Attention Deficit Disorder with Hyperactivity', 'Depressive Disorder', 'Tobacco Use Disorder']"
313586,venlafaxine,75 MG,2016-01-05,2016-02-26,2,500,"[datetime.date(2016, 1, 5)]",17.3841059602649,33.65384615384615,42291089550,"['Anxiety Disorders', 'Attention Deficit Disorder with Hyperactivity', 'Autistic Disorder', 'Depressive Disorder', 'Obsessive-Compulsive Disorder', 'Pain', 'Fatigue Syndrome, Chronic']"
198427,lamotrigine,100 MG,2016-01-05,2016-06-24,2,1000,"[datetime.date(2016, 1, 5), datetime.date(2016, 6, 24)]",23.178807947019866,20.467836257309944,68382000810,"['Bipolar Disorder', 'Epilepsies, Partial', 'Seizures']"
197903,Lovastatin,10 MG,2016-02-23,2016-02-23,1,1000,"[datetime.date(2016, 2, 23)]",11.589403973509933,-1,0185-0070-10,"['Arteriosclerosis', 'Coronary Artery Disease', 'Hypercholesterolemia', 'Hyperlipidemias', 'Hyperlipoproteinemias', 'Hypertriglyceridemia']"
308416,Aspirin,81 MG,2016-02-02,2016-09-13,4,4000,"[datetime.date(2016, 2, 2)]",370.86092715231786,3684.210526315789,0536-1004-10,"['Arthritis, Rheumatoid', 'Fever', 'Gout', 'Inflammation', 'Osteoarthritis', 'Pain', 'Rheumatic Fever']"
1191013,proparacaine,5 MG/ML (expressed as Proparacaine hydrochloride),2016-01-08,2016-09-09,4,3,"[datetime.date(2016, 1, 8)]",0.09271523178807946,0.3888888888888889,61314001601,[]
995906,Penicillin G,1000000 UNT/ML (expressed as Penicillin G Potassium),2016-02-15,2016-02-15,1,20,"[datetime.date(2016, 2, 15)]",0.23178807947019867,-1,0049-0530-28,"['Gonorrhea', 'Meningococcal Infections', 'Streptococcal Infections', 'Syphilis', 'Gonorrhea', 'Meningococcal Infections', 'Streptococcal Infections', 'Syphilis']"
896762,Labetalol,200 MG (expressed as Labetalol hydrochloride),2016-02-23,2016-03-08,2,500,"[datetime.date(2016, 2, 23)]",17.3841059602649,125.0,0591-0606-05,"['Angina Pectoris', 'Heart Failure', 'Hypertension', 'Hypertension, Malignant', 'Myocardial Infarction']"
617310,atorvastatin,20 MG,2016-02-02,2016-07-01,2,2000,"[datetime.date(2016, 2, 2), datetime.date(2016, 7, 1)]",46.35761589403973,46.66666666666667,60505257908,"['Arteriosclerosis', 'Coronary Artery Disease', 'Hypercholesterolemia', 'Hyperlipidemias', 'Hyperlipoproteinemias', 'Hypertriglyceridemia']"
311026,"insulin, isophane",100 UNT/ML,2016-01-12,2016-07-01,4,20,"[datetime.date(2016, 1, 12)]",0.869205298013245,2.058823529411765,0002-8315-01,"['Diabetes Mellitus, Type 1', 'Diabetes Mellitus, Type 2', 'Hyperglycemia']"
311725,Mirtazapine,15 MG,2016-02-26,2016-05-31,2,1200,"[datetime.date(2016, 5, 31)]",19.12251655629139,16.57894736842105,51079008656,['Depressive Disorder']
314238,Tropicamide,10 MG/ML,2016-02-04,2016-09-30,5,1,"[datetime.date(2016, 2, 4), datetime.date(2016, 9, 30)]",0.15066225165562913,0.3333333333333333,61314035501,"['Iritis', 'Keratitis', 'Iridocyclitis']"
856448,Propranolol,10 MG (expressed as Propranolol Hydrochloride),2016-01-07,2016-07-12,3,1000,"[datetime.date(2016, 1, 7), datetime.date(2016, 5, 6), datetime.date(2016, 7, 12)]",34.7682119205298,52.23880597014926,0378-0182-10,"['Angina Pectoris', 'Anxiety Disorders', 'Esophageal and Gastric Varices', 'Heart Failure', 'Hypertension', 'Hypertension, Portal', 'Myocardial Infarction', 'Pheochromocytoma', 'Tachycardia, Supraventricular', 'Ventricular Fibrillation', 'Panic Disorder', 'Tachycardia, Ventricular', 'Essential Tremor']"
860975,Metformin,500 MG (expressed as Metformin hydrochloride),2015-12-03,2016-07-22,6,1000,"[datetime.date(2015, 12, 3), datetime.date(2016, 1, 5), datetime.date(2016, 3, 8)]",81.12582781456953,184.21052631578945,62756014202,"['Diabetes Mellitus, Type 2']"
200031,carvedilol,6.25 MG,2016-01-07,2016-09-13,4,1500,"[datetime.date(2016, 9, 13)]",52.1523178807947,44.871794871794876,68462016305,"['Angina Pectoris', 'Heart Failure', 'Hypertension', 'Myocardial Infarction']"
311036,"Regular Insulin, Human",100 UNT/ML,2016-02-09,2016-02-09,1,20,"[datetime.date(2016, 2, 9)]",0.23178807947019867,-1,0002-8215-01,"['Diabetes Mellitus, Type 1', 'Diabetes Mellitus, Type 2', 'Hyperglycemia', 'Hyperkalemia', 'Nutritional and Metabolic Diseases', 'Myocardial Reperfusion Injury', 'Diabetic Ketoacidosis']"
1483744,Naltrexone,50 MG (expressed as Naltrexone hydrochloride),2016-02-02,2016-05-17,2,100,"[datetime.date(2016, 2, 2), datetime.date(2016, 5, 17)]",2.3178807947019866,3.3333333333333335,0406-1170-01,"['Alcoholism', 'Opioid-Related Disorders']"
1000141,Medroxyprogesterone,5 MG (expressed as medroxyprogesterone acetate),2016-02-23,2016-02-23,1,200,"[datetime.date(2016, 2, 23)]",2.3178807947019866,-1,0555-0873-02,"['Amenorrhea', 'Breast Neoplasms', 'Carcinoma, Renal Cell', 'Endometrial Hyperplasia', 'Hypoventilation', 'Uterine Hemorrhage', 'Endometrial Neoplasms']"
1658472,pneumococcal capsular polysaccharide type 1 vaccine,0.05 MG/ML / 0.05 MG/ML / 0.05 MG/ML / 0.05 MG/ML / 0.05 MG/ML / 0.05 MG/ML / 0.05 MG/ML / 0.05 MG/ML / 0.05 MG/ML / 0.05 MG/ML / 0.05 MG/ML / 0.05 MG/ML / 0.05 MG/ML / 0.05 MG/ML / 0.05 MG/ML / 0.05 MG/ML / 0.05 MG/ML / 0.05 MG/ML / 0.05 MG/ML / 0.05 MG/ML / 0.05 MG/ML / 0.05 MG/ML / 0.05 MG/ML,2016-02-05,2016-09-27,2,10,"[datetime.date(2016, 2, 5), datetime.date(2016, 9, 27)]",0.23178807947019867,0.14893617021276598,0006-4943-00,[]
310536,Glyburide,3 MG,2016-02-16,2016-08-16,3,300,"[datetime.date(2016, 2, 16), datetime.date(2016, 5, 17), datetime.date(2016, 8, 16)]",10.430463576158939,11.538461538461538,0143-9919-01,"['Diabetes Mellitus, Type 2']"
903857,Pyridostigmine,60 MG (expressed as Pyridostigmine Bromide),2016-02-05,2016-02-05,1,200,"[datetime.date(2016, 2, 5)]",2.3178807947019866,-1,0115-3511-01,"['Abnormalities, Drug-Induced', 'Myasthenia Gravis']"
209443,Acetaminophen,500 MG,2016-02-02,2016-08-19,3,1000,"[datetime.date(2016, 2, 2)]",289.73509933774835,1944.4444444444443,0904-1988-80,"['Fever', 'Pain']"
312055,Nystatin,100000 UNT/ML,2016-02-26,2016-02-26,1,3,"[datetime.date(2016, 2, 26)]",0.0347682119205298,-1,0603-1481-49,"['Candidiasis', 'Candidiasis, Chronic Mucocutaneous', 'Candidiasis, Cutaneous', 'Candidiasis, Oral', 'Candidiasis, Vulvovaginal']"
197388,Azathioprine,50 MG,2016-02-09,2016-06-21,3,200,"[datetime.date(2016, 2, 9), datetime.date(2016, 6, 21)]",8.112582781456952,20.0,68084022901,"['Arthritis, Rheumatoid', 'Autoimmune Diseases', 'Colitis, Ulcerative', 'Crohn Disease', 'Lupus Erythematosus, Systemic', 'Multiple Sclerosis', 'Purpura, Thrombocytopenic, Idiopathic']"
198896,Ascorbic Acid,500 MG,2016-02-02,2016-02-02,1,1250,"[datetime.date(2016, 2, 2)]",14.486754966887416,-1,,"['Common Cold', 'Methemoglobinemia', 'Scurvy', 'Wounds, Penetrating', 'Tyrosinemias']"
106892,"Regular Insulin, Human",70 UNT/ML / 30 UNT/ML,2016-02-02,2016-08-09,6,20,"[datetime.date(2016, 2, 2), datetime.date(2016, 8, 9)]",1.2168874172185429,4.375,0002-8715-01,"['Diabetes Mellitus, Type 1', 'Diabetes Mellitus, Type 2', 'Hyperglycemia', 'Diabetes Mellitus, Type 1', 'Diabetes Mellitus, Type 2', 'Hyperglycemia', 'Hyperkalemia', 'Nutritional and Metabolic Diseases', 'Myocardial Reperfusion Injury', 'Diabetic Ketoacidosis']"
310459,Gemfibrozil,600 MG,2016-04-19,2016-04-19,1,1,"[datetime.date(2016, 4, 19)]",0.011589403973509932,-1,16714010105,"['Arteriosclerosis', 'Coronary Artery Disease', 'Hypercholesterolemia', 'Hyperlipidemias', 'Hyperlipoproteinemias', 'Hypertriglyceridemia']"
859088,Albuterol,0.09 MG/ACTUAT,2016-04-04,2016-08-02,4,9,"[datetime.date(2016, 4, 4)]",0.37086092715231783,0.8974358974358975,0173-0682-20,"['Asthma', 'Lung Diseases, Obstructive']"
905269,Trihexyphenidyl,2 MG (expressed as Trihexyphenidyl Hydrochloride),2016-04-14,2016-04-14,1,2000,"[datetime.date(2016, 4, 14)]",23.178807947019866,-1,0603-6240-32,"['Abnormalities, Drug-Induced', 'Movement Disorders', 'Parkinson Disease']"
310346,Finasteride,5 MG,2016-02-23,2016-07-01,2,180,"[datetime.date(2016, 2, 23)]",6.258278145695364,4.883720930232559,65862014990,"['Alopecia', 'Hirsutism', 'Prostatic Hyperplasia', 'Prostatic Neoplasms']"
896229,salmeterol,0.5 MG/ACTUAT (expressed as Fluticasone propionate) / 0.05 MG/ACTUAT,2016-05-31,2016-05-31,1,60,"[datetime.date(2016, 5, 31)]",0.695364238410596,-1,0173-0697-00,"['Asthma', 'Bronchial Spasm', 'Lung Diseases, Obstructive', 'Rhinitis, Allergic, Perennial']"
308135,Amlodipine,10 MG,2016-05-06,2016-09-15,2,2000,"[datetime.date(2016, 5, 6), datetime.date(2016, 9, 15)]",46.35761589403973,53.03030303030303,67877019910,"['Angina Pectoris', 'Angina Pectoris, Variant', 'Hypertension']"
1147685,Dextromethorphan,20 MG (expressed as Dextromethorphan Hydrobromide) / 400 MG,2016-05-06,2016-05-06,1,100,"[datetime.date(2016, 5, 6)]",1.1589403973509933,-1,49348072809,"['Cough', 'Bronchitis', 'Common Cold', 'Cough', 'Laryngitis', 'Pharyngitis', 'Rhinitis, Allergic, Perennial', 'Sinusitis', 'Whooping Cough']"
314072,latanoprost,0.05 MG/ML,2016-05-17,2016-08-19,3,2,"[datetime.date(2016, 5, 17)]",0.09271523178807946,1.05,17478062512,"['Glaucoma, Open-Angle', 'Ocular Hypertension']"
197699,Fluconazole,150 MG,2016-05-20,2016-08-23,2,48,"[datetime.date(2016, 5, 20), datetime.date(2016, 8, 23)]",1.1125827814569536,1.768421052631579,68462010340,"['Blastomycosis', 'Candidiasis', 'Candidiasis, Chronic Mucocutaneous', 'Candidiasis, Oral', 'Candidiasis, Vulvovaginal', 'Coccidioidomycosis', 'Cryptococcosis', 'Histoplasmosis', 'Mycoses', 'Fungemia', 'Meningitis, Cryptococcal', 'AIDS-Related Opportunistic Infections']"
1094151,Phenazopyridine,95 MG (expressed as Phenazopyridine hydrochloride),2016-05-06,2016-05-06,1,120,"[datetime.date(2016, 5, 6)]",1.390728476821192,-1,87651030152,"['Pain', 'Urological Manifestations']"
198014,Naproxen,500 MG,2016-02-19,2016-08-23,4,1000,"[datetime.date(2016, 2, 19)]",86.92052980132449,388.88888888888886,68462019005,"['Arthritis, Juvenile', 'Arthritis, Rheumatoid', 'Bursitis', 'Dysmenorrhea', 'Fever', 'Gout', 'Inflammation', 'Osteoarthritis', 'Pain', 'Rheumatic Diseases', 'Spondylitis, Ankylosing']"
308493,Neomycin,0.4 UNT/MG / 0.0035 MG/MG / 10 UNT/MG,2016-02-09,2016-03-15,2,2,"[datetime.date(2016, 2, 9)]",0.0347682119205298,0.2,24208078055,"['Clostridium Infections', 'Enterocolitis, Pseudomembranous', 'Staphylococcal Infections', 'Streptococcal Infections', 'Eye Infections, Bacterial', 'Gram-Positive Bacterial Infections', 'Skin Diseases, Bacterial', 'Escherichia coli Infections', 'Hepatic Encephalopathy', 'Skin Diseases, Bacterial', 'Urinary Bladder Diseases', 'Enterobacteriaceae Infections', 'Escherichia coli Infections', 'Gastrointestinal Diseases', 'Haemophilus Infections', 'Klebsiella Infections', 'Otitis Externa', 'Pseudomonas Infections', 'Skin Diseases', 'Wounds and Injuries', 'Eye Infections, Bacterial', 'Meningitis, Bacterial', 'Soft Tissue Infections']"
1115005,Docusate,100 MG (expressed as Docusate Sodium),2016-02-16,2016-08-12,3,2000,"[datetime.date(2016, 2, 16), datetime.date(2016, 4, 26), datetime.date(2016, 8, 12)]",69.5364238410596,100.0,0603-0150-32,['Constipation']
311237,Ketotifen,0.25 MG/ML,2016-02-16,2016-07-29,2,7,"[datetime.date(2016, 2, 16)]",0.19701986754966885,0.14939024390243905,49348010717,[]
1795514,Glucose,500 MG/ML,2016-02-09,2016-02-09,1,25,"[datetime.date(2016, 2, 9)]",0.2897350993377483,-1,0409-6648-02,"['Hypoglycemia', 'Nutritional and Metabolic Diseases', 'Postoperative Complications']"
995624,Meclizine,12.5 MG (expressed as Meclizine Hydrochloride),2016-02-09,2016-04-26,3,1000,"[datetime.date(2016, 2, 9), datetime.date(2016, 3, 8), datetime.date(2016, 4, 26)]",34.7682119205298,125.0,0536-1017-10,"['Motion Sickness', 'Vertigo']"
1234579,Phenylephrine,25 MG/ML (expressed as Phenylephrine Hydrochloride),2016-02-04,2016-09-30,4,1,"[datetime.date(2016, 2, 4)]",0.1043046357615894,0.3333333333333333,17478020102,"['Fissure in Ano', 'Glaucoma, Open-Angle', 'Hemorrhoids', 'Hypotension', 'Pruritus Ani', 'Rhinitis, Vasomotor', 'Shock, Septic', 'Tachycardia, Supraventricular']"
11253,Vitamin D,,2016-04-22,2016-04-22,1,600,"[datetime.date(2016, 4, 22)]",6.95364238410596,-1,,[]
1046982,Hyoscyamine,0.125 MG (expressed as Hyoscyamine Sulfate),2016-02-16,2016-03-15,2,500,"[datetime.date(2016, 2, 16), datetime.date(2016, 3, 15)]",11.589403973509933,62.5,42192033901,"['Abnormalities, Drug-Induced', 'Urinary Bladder, Neurogenic', 'Colic', 'Hyperhidrosis', 'Intestinal Diseases', 'Intraoperative Complications', 'Muscle Rigidity', 'Peptic Ulcer', 'Rhinitis', 'Sialorrhea', 'Spasm', 'Tremor', 'Irritable Bowel Syndrome']"
312935,"sennosides, USP",8.6 MG,2016-02-05,2016-02-05,1,1000,"[datetime.date(2016, 2, 5)]",11.589403973509933,-1,0904-6434-80,['Constipation']
1014314,Triamcinolone,1 MG/ML (expressed as Triamcinolone Acetonide),2016-03-30,2016-03-30,1,10,"[datetime.date(2016, 3, 30)]",0.11589403973509933,-1,67877025115,"['Adrenal Insufficiency', 'Bronchial Spasm', 'Facial Dermatoses', 'Foot Dermatoses', 'Hand Dermatoses', 'Hypersensitivity', 'Inflammation', 'Leg Dermatoses', 'Lupus Erythematosus, Systemic', 'Respiratory Tract Diseases', 'Rheumatic Diseases', 'Rhinitis, Allergic, Perennial', 'Scalp Dermatoses']"
966922,POLYETHYLENE GLYCOL 3350,59 MG/ML / 0.01 MEQ/ML / 0.02 MEQ/ML / 0.025 MEQ/ML / 0.04 MEQ/ML,2016-03-04,2016-05-31,2,5,"[datetime.date(2016, 3, 4), datetime.date(2016, 5, 31)]",0.11589403973509933,0.19886363636363638,52268010101,"['Acid-Base Imbalance', 'Acidosis', 'Acidosis, Renal Tubular', 'Dyspepsia', 'Gastroesophageal Reflux', 'Heart Arrest', 'Heartburn', 'Hyperkalemia', 'Drug Overdose', 'Hypokalemia', 'Dehydration', 'Hyponatremia', 'Shock, Hemorrhagic', 'Wounds and Injuries', 'Dry Eye Syndromes', 'Corneal Edema']"
207346,Nitroglycerin,0.4 MG,2016-03-31,2016-08-12,3,200,"[datetime.date(2016, 3, 31)]",10.430463576158939,50.0,0071-0418-24,"['Angina Pectoris', 'Eclampsia', 'Fissure in Ano', 'Heart Failure', 'Hypertension', 'Hypertension, Pulmonary', 'Intraoperative Complications', 'Myocardial Infarction', 'Esophageal Spasm, Diffuse', 'Myocardial Ischemia']"
896212,salmeterol,0.25 MG/ACTUAT (expressed as Fluticasone propionate) / 0.05 MG/ACTUAT,2016-03-01,2016-06-21,6,600,"[datetime.date(2016, 3, 1)]",17.3841059602649,70.0,0173-0696-00,"['Asthma', 'Bronchial Spasm', 'Lung Diseases, Obstructive', 'Rhinitis, Allergic, Perennial']"
198191,Ranitidine,150 MG,2016-03-08,2016-08-12,2,2000,"[datetime.date(2016, 3, 8)]",34.7682119205298,44.5859872611465,0781-1883-10,[]
596930,duloxetine,30 MG,2016-04-12,2016-05-20,2,270,"[datetime.date(2016, 4, 12)]",7.301324503311258,24.86842105263158,57237001890,[]
995666,Meclizine,25 MG (expressed as Meclizine Hydrochloride),2016-04-26,2016-04-26,1,1000,"[datetime.date(2016, 4, 26)]",11.589403973509933,-1,65162044211,"['Motion Sickness', 'Vertigo']"
197905,Lovastatin,40 MG,2016-04-26,2016-04-26,1,1000,"[datetime.date(2016, 4, 26)]",11.589403973509933,-1,45963063504,"['Arteriosclerosis', 'Coronary Artery Disease', 'Hypercholesterolemia', 'Hyperlipidemias', 'Hyperlipoproteinemias', 'Hypertriglyceridemia']"
197941,Methimazole,10 MG,2016-04-26,2016-07-12,2,300,"[datetime.date(2016, 4, 26), datetime.date(2016, 7, 12)]",6.95364238410596,13.636363636363637,0185-0210-01,"['Goiter', 'Hyperthyroidism', 'Thyroid Crisis']"
312940,Sertraline,25 MG,2016-03-08,2016-05-31,2,1000,"[datetime.date(2016, 5, 31)]",13.67549668874172,7.5,31722021205,"['Anxiety Disorders', 'Feeding and Eating Disorders', 'Depressive Disorder', 'Obsessive-Compulsive Disorder', 'Stress Disorders, Post-Traumatic', 'Panic Disorder']"
310891,Hydrocortisone,25 MG/ML,2016-02-23,2016-05-31,2,5,"[datetime.date(2016, 2, 23), datetime.date(2016, 5, 31)]",0.11589403973509933,0.17857142857142858,45802000402,"['Adrenal Insufficiency', 'Adrenal Hyperplasia, Congenital', 'Colitis, Ulcerative', 'Facial Dermatoses', 'Foot Dermatoses', 'Hand Dermatoses', 'Hemorrhoids', 'Inflammation', 'Leg Dermatoses', 'Pruritus Ani', 'Rheumatic Diseases', 'Scalp Dermatoses', 'Shock', 'Status Asthmaticus', 'Skin Diseases, Eczematous']"
1797907,fluticasone,0.05 MG/ACTUAT (expressed as Fluticasone propionate),2016-02-02,2016-09-15,9,6,"[datetime.date(2016, 2, 2)]",1.2864238410596025,3.75,50383070016,"['Rhinitis, Allergic, Perennial']"
259255,atorvastatin,80 MG,2016-03-31,2016-08-26,3,1000,"[datetime.date(2016, 3, 31)]",57.94701986754966,200.0,60505267108,"['Arteriosclerosis', 'Coronary Artery Disease', 'Hypercholesterolemia', 'Hyperlipidemias', 'Hyperlipoproteinemias', 'Hypertriglyceridemia']"
198144,Prednisone,1 MG,2016-03-15,2016-04-22,2,800,"[datetime.date(2016, 3, 15)]",12.748344370860925,73.68421052631578,59746017106,"['Adrenal Insufficiency', 'Autoimmune Diseases', 'Collagen Diseases', 'Eye Diseases', 'Gastrointestinal Diseases', 'Graft vs Host Disease', 'Hematologic Diseases', 'Hypercalcemia', 'Hypersensitivity', 'Inflammation', 'Neoplasms', 'Respiratory Tract Diseases', 'Rheumatic Diseases', 'Skin Diseases']"
308753,Bisacodyl,5 MG,2016-03-08,2016-03-08,1,50,"[datetime.date(2016, 3, 8)]",0.5794701986754967,-1,49348059905,['Constipation']
865098,Insulin Lispro,100 UNT/ML,2016-03-25,2016-03-25,1,4,"[datetime.date(2016, 3, 25)]",0.04635761589403973,-1,0002-7510-01,"['Diabetes Mellitus, Type 1', 'Diabetes Mellitus, Type 2', 'Hyperglycemia']"
310288,Fenofibrate,134 MG,2016-03-30,2016-06-24,2,180,"[datetime.date(2016, 3, 30), datetime.date(2016, 6, 24)]",4.172185430463576,7.325581395348837,0378-8629-77,"['Arteriosclerosis', 'Coronary Artery Disease', 'Hypercholesterolemia', 'Hyperlipidemias', 'Hyperlipoproteinemias', 'Hypertriglyceridemia']"
197361,Amlodipine,5 MG,2016-03-15,2016-09-09,3,1000,"[datetime.date(2016, 3, 15)]",57.94701986754966,116.66666666666667,0603-2109-32,"['Angina Pectoris', 'Angina Pectoris, Variant', 'Hypertension']"
1049909,Diphenhydramine,25 MG (expressed as Diphenhydramine Hydrochloride),2016-03-11,2016-03-11,1,1000,"[datetime.date(2016, 3, 11)]",11.589403973509933,-1,0904-5306-80,"['Anxiety Disorders', 'Sleep Initiation and Maintenance Disorders', 'Motion Sickness', 'Nausea', 'Rhinitis, Allergic, Perennial', 'Urticaria']"
209375,Acetaminophen,325 MG,2016-03-08,2016-03-08,1,1000,"[datetime.date(2016, 3, 8)]",11.589403973509933,-1,0904-1982-80,"['Fever', 'Pain']"
198946,Vitamin B6,100 MG,2016-03-11,2016-03-11,1,400,"[datetime.date(2016, 3, 11)]",4.635761589403973,-1,0904-0518-60,[]
199245,glimepiride,1 MG,2016-03-11,2016-03-11,1,1000,"[datetime.date(2016, 3, 11)]",11.589403973509933,-1,0093-7254-01,"['Diabetes Mellitus, Type 2']"
199246,glimepiride,2 MG,2016-03-31,2016-09-20,3,500,"[datetime.date(2016, 3, 31), datetime.date(2016, 6, 14), datetime.date(2016, 9, 20)]",17.3841059602649,23.333333333333336,0093-7255-01,"['Diabetes Mellitus, Type 2']"
197806,Ibuprofen,600 MG,2016-03-15,2016-08-05,3,1500,"[datetime.date(2016, 3, 15)]",63.74172185430463,328.125,63739068401,"['Arthritis, Juvenile', 'Arthritis, Rheumatoid', 'Bursitis', 'Dysmenorrhea', 'Fever', 'Gout', 'Inflammation', 'Menorrhagia', 'Osteoarthritis', 'Pain', 'Pain, Postoperative', 'Premenstrual Syndrome', 'Rheumatic Diseases', 'Spondylitis, Ankylosing']"
198861,Sodium Bicarbonate,650 MG,2016-03-11,2016-03-11,1,1000,"[datetime.date(2016, 3, 11)]",11.589403973509933,-1,64980018210,"['Acid-Base Imbalance', 'Acidosis', 'Acidosis, Renal Tubular', 'Dyspepsia', 'Gastroesophageal Reflux', 'Heart Arrest', 'Heartburn', 'Hyperkalemia', 'Drug Overdose']"
106387,Permethrin,50 MG/ML,2016-03-15,2016-03-15,1,1,"[datetime.date(2016, 3, 15)]",0.011589403973509932,-1,0472-0242-60,"['Lice Infestations', 'Scabies']"
310430,gabapentin,100 MG,2016-03-25,2016-08-30,4,500,"[datetime.date(2016, 3, 25)]",40.562913907284766,194.44444444444443,67877022205,"['Bipolar Disorder', 'Epilepsies, Partial', 'Pain', 'Phobic Disorders']"
311289,Levetiracetam,500 MG,2016-03-08,2016-08-16,3,2000,"[datetime.date(2016, 3, 8)]",46.35761589403973,118.64406779661016,16714035502,"['Epilepsies, Partial']"
856377,Trazodone,50 MG (expressed as Trazodone Hydrochloride),2016-03-25,2016-06-14,2,1000,"[datetime.date(2016, 3, 25), datetime.date(2016, 6, 14)]",23.178807947019866,43.20987654320988,0603-6160-32,"['Depressive Disorder', 'Sleep Initiation and Maintenance Disorders']"
151226,topiramate,50 MG,2016-03-25,2016-09-30,3,1000,"[datetime.date(2016, 3, 25), datetime.date(2016, 9, 30)]",46.35761589403973,175.0,31722027910,"['Bipolar Disorder', 'Epilepsies, Partial', 'Epilepsy, Tonic-Clonic', 'Pain', 'Spasms, Infantile']"
313161,Sumatriptan,50 MG,2016-04-19,2016-09-27,4,54,"[datetime.date(2016, 4, 19), datetime.date(2016, 5, 17)]",2.920529801324503,6.75,63304009819,['Cluster Headache']
617311,atorvastatin,40 MG,2016-04-26,2016-09-20,3,2000,"[datetime.date(2016, 4, 26), datetime.date(2016, 9, 20)]",46.35761589403973,55.55555555555556,60505258008,"['Arteriosclerosis', 'Coronary Artery Disease', 'Hypercholesterolemia', 'Hyperlipidemias', 'Hyperlipoproteinemias', 'Hypertriglyceridemia']"
313219,Terazosin,5 MG,2016-04-22,2016-04-22,1,500,"[datetime.date(2016, 4, 22)]",5.7947019867549665,-1,0781-2053-05,"['Hypertension', 'Prostatic Hyperplasia', 'Urination Disorders', 'Urinary Retention']"
1246317,Budesonide,0.16 MG/ACTUAT / 0.0045 MG/ACTUAT (expressed as formoterol fumarate),2016-04-04,2016-04-04,1,600,"[datetime.date(2016, 4, 4)]",6.95364238410596,-1,0186-0370-28,"['Rhinitis, Allergic, Perennial', 'Asthma', 'Bronchial Spasm', 'Lung Diseases, Obstructive']"
979492,Losartan,50 MG (expressed as Losartan Potassium),2016-04-26,2016-06-14,2,1000,"[datetime.date(2016, 4, 26)]",34.7682119205298,71.42857142857143,13668040910,"['Diabetic Nephropathies', 'Heart Failure', 'Hypertension', 'Ventricular Dysfunction, Left']"
313215,Terazosin,1 MG,2016-04-26,2016-04-26,1,300,"[datetime.date(2016, 4, 26)]",3.47682119205298,-1,0781-2051-01,"['Hypertension', 'Prostatic Hyperplasia', 'Urination Disorders', 'Urinary Retention']"
1300191,"acellular pertussis vaccine, inactivated","0.01 MG/ML (expressed as Bordetella pertussis filamentous hemagglutinin vaccine, inactivated) / 0.01 MG/ML (expressed as Bordetella pertussis fimbriae 2/3 vaccine, inactivated) / 0.006 MG/ML (expressed as Bordetella pertussis pertactin vaccine, inactivated) / 0.005 MG/ML (expressed as Bordetella pertussis toxoid vaccine, inactivated) / 4 UNT/ML / 10 UNT/ML",2016-04-14,2016-04-14,1,10,"[datetime.date(2016, 4, 14)]",0.11589403973509933,-1,49281040015,['Tetanus']
967012,POLYETHYLENE GLYCOL 3350,59 MG/ML / 0.01 MEQ/ML / 0.02 MEQ/ML / 0.025 MEQ/ML / 0.04 MEQ/ML,2016-05-31,2016-05-31,1,5,"[datetime.date(2016, 5, 31)]",0.057947019867549666,-1,43386009019,"['Acid-Base Imbalance', 'Acidosis', 'Acidosis, Renal Tubular', 'Dyspepsia', 'Gastroesophageal Reflux', 'Heart Arrest', 'Heartburn', 'Hyperkalemia', 'Drug Overdose', 'Hypokalemia', 'Dehydration', 'Hyponatremia', 'Shock, Hemorrhagic', 'Wounds and Injuries', 'Dry Eye Syndromes', 'Corneal Edema']"
833528,Amiodarone,200 MG (expressed as Amiodarone hydrochloride),2016-05-04,2016-06-03,2,180,"[datetime.date(2016, 5, 4), datetime.date(2016, 6, 3)]",4.172185430463576,21.0,68382022714,"['Arrhythmias, Cardiac', 'Tachycardia, Supraventricular', 'Ventricular Fibrillation']"
1367410,Ergocalciferol,50000 UNT,2016-07-12,2016-07-12,1,100,"[datetime.date(2016, 7, 12)]",1.1589403973509933,-1,57664013688,"['Hypoparathyroidism', 'Rickets', 'Hypophosphatemia']"
993687,Bupropion,100 MG (expressed as Bupropion Hydrochloride),2016-07-12,2016-07-12,1,200,"[datetime.date(2016, 7, 12)]",2.3178807947019866,-1,60505015701,"['Attention Deficit Disorder with Hyperactivity', 'Depressive Disorder', 'Tobacco Use Disorder']"
197884,Lisinopril,40 MG,2016-03-15,2016-07-22,2,2000,"[datetime.date(2016, 3, 15), datetime.date(2016, 7, 22)]",46.35761589403973,54.26356589147287,0904-6487-80,"['Diabetic Nephropathies', 'Heart Failure', 'Hypertension', 'Ventricular Dysfunction, Left']"
311354,Lisinopril,5 MG,2016-03-31,2016-08-23,2,1000,"[datetime.date(2016, 3, 31), datetime.date(2016, 8, 23)]",23.178807947019866,24.137931034482758,0185-5400-10,"['Diabetic Nephropathies', 'Heart Failure', 'Hypertension', 'Ventricular Dysfunction, Left']"
993541,Bupropion,150 MG (expressed as Bupropion Hydrochloride),2016-05-31,2016-08-26,3,90,"[datetime.date(2016, 5, 31), datetime.date(2016, 8, 2)]",4.172185430463576,13.125,0378-2008-77,"['Attention Deficit Disorder with Hyperactivity', 'Depressive Disorder', 'Tobacco Use Disorder']"
106258,Hydrocortisone,10 MG/ML,2016-01-07,2016-08-05,5,5,"[datetime.date(2016, 1, 7), datetime.date(2016, 5, 13), datetime.date(2016, 5, 31)]",0.38245033112582777,0.9722222222222221,0603-0535-50,"['Adrenal Insufficiency', 'Adrenal Hyperplasia, Congenital', 'Colitis, Ulcerative', 'Facial Dermatoses', 'Foot Dermatoses', 'Hand Dermatoses', 'Hemorrhoids', 'Inflammation', 'Leg Dermatoses', 'Pruritus Ani', 'Rheumatic Diseases', 'Scalp Dermatoses', 'Shock', 'Status Asthmaticus', 'Skin Diseases, Eczematous']"
748961,Norethindrone,,2016-05-06,2016-05-06,1,420,"[datetime.date(2016, 5, 6)]",4.8675496688741715,-1,0378-7272-53,"['Acne Vulgaris', 'Endometrial Hyperplasia', 'Endometriosis', 'Genital Diseases, Female', 'Hypogonadism', 'Menorrhagia']"
310687,Hydrocortisone,10 MG/ML / 3.5 MG/ML / 10000 UNT/ML,2016-05-06,2016-05-06,1,2,"[datetime.date(2016, 5, 6)]",0.023178807947019864,-1,61314064511,"['Adrenal Insufficiency', 'Adrenal Hyperplasia, Congenital', 'Colitis, Ulcerative', 'Facial Dermatoses', 'Foot Dermatoses', 'Hand Dermatoses', 'Hemorrhoids', 'Inflammation', 'Leg Dermatoses', 'Pruritus Ani', 'Rheumatic Diseases', 'Scalp Dermatoses', 'Shock', 'Status Asthmaticus', 'Skin Diseases, Eczematous', 'Escherichia coli Infections', 'Hepatic Encephalopathy', 'Skin Diseases, Bacterial', 'Urinary Bladder Diseases', 'Enterobacteriaceae Infections', 'Escherichia coli Infections', 'Gastrointestinal Diseases', 'Haemophilus Infections', 'Klebsiella Infections', 'Otitis Externa', 'Pseudomonas Infections', 'Skin Diseases', 'Wounds and Injuries', 'Eye Infections, Bacterial', 'Meningitis, Bacterial', 'Soft Tissue Infections']"
310410,Folic Acid,1 MG,2016-05-31,2016-05-31,1,1000,"[datetime.date(2016, 5, 31)]",11.589403973509933,-1,0603-3162-32,"['Anemia, Macrocytic', 'Anemia, Megaloblastic', 'Folic Acid Deficiency']"
762001,Desogestrel,,2016-05-17,2016-05-17,1,336,"[datetime.date(2016, 5, 17)]",3.8940397350993377,-1,0555-9050-58,"['Acne Vulgaris', 'Endometriosis', 'Menstruation Disturbances', 'Breast Neoplasms', 'Hypogonadism', 'Menopause, Premature', 'Menorrhagia', 'Ovarian Diseases', 'Prostatic Neoplasms', 'Primary Ovarian Insufficiency', 'Hot Flashes']"
197698,Fluconazole,100 MG,2016-05-13,2016-05-13,1,120,"[datetime.date(2016, 5, 13)]",1.390728476821192,-1,67405060203,"['Blastomycosis', 'Candidiasis', 'Candidiasis, Chronic Mucocutaneous', 'Candidiasis, Oral', 'Candidiasis, Vulvovaginal', 'Coccidioidomycosis', 'Cryptococcosis', 'Histoplasmosis', 'Mycoses', 'Fungemia', 'Meningitis, Cryptococcal', 'AIDS-Related Opportunistic Infections']"
686924,carvedilol,3.125 MG,2016-05-06,2016-05-06,1,1500,"[datetime.date(2016, 5, 6)]",17.3841059602649,-1,68462016205,"['Angina Pectoris', 'Heart Failure', 'Hypertension', 'Myocardial Infarction']"
966171,Thyroxine,0.075 MG (expressed as Levothyroxine Sodium),2016-06-03,2016-08-02,2,1000,"[datetime.date(2016, 6, 3), datetime.date(2016, 8, 2)]",23.178807947019866,58.333333333333336,0074-5182-19,"['Goiter', 'Hypothyroidism', 'Myxedema', 'Thyroid Neoplasms', 'Thyroiditis, Autoimmune', 'Thyrotoxicosis']"
1743781,Methylprednisolone,40 MG/ML (expressed as methylprednisolone acetate),2016-06-07,2016-06-07,1,3,"[datetime.date(2016, 6, 7)]",0.0347682119205298,-1,0009-3073-01,"['Autoimmune Diseases', 'Graft vs Host Disease', 'Hematologic Diseases', 'Hypersensitivity', 'Immune System Diseases', 'Inflammation', 'Neoplasms', 'Neurologic Manifestations', 'Respiratory Distress Syndrome, Adult']"
212033,Aspirin,325 MG,2016-06-07,2016-06-07,1,1000,"[datetime.date(2016, 6, 7)]",11.589403973509933,-1,49348000114,"['Arthritis, Rheumatoid', 'Fever', 'Gout', 'Inflammation', 'Osteoarthritis', 'Pain', 'Rheumatic Fever']"
310488,Glipizide,10 MG,2016-06-10,2016-06-10,1,500,"[datetime.date(2016, 6, 10)]",5.7947019867549665,-1,16729014016,"['Diabetes Mellitus, Type 2']"
856834,Amitriptyline,25 MG (expressed as Amitriptyline Hydrochloride),2016-06-14,2016-06-14,1,600,"[datetime.date(2016, 6, 14)]",6.95364238410596,-1,51079010720,"['Depressive Disorder', 'Pain']"
224932,Petrolatum,,2016-06-14,2016-06-14,1,50,"[datetime.date(2016, 6, 14)]",0.5794701986754967,-1,,[]
670031,Potassium Chloride,10 MEQ,2016-06-21,2016-06-21,1,2000,"[datetime.date(2016, 6, 21)]",23.178807947019866,-1,0074-7804-19,['Hypokalemia']
856457,Propranolol,20 MG (expressed as Propranolol Hydrochloride),2016-06-21,2016-09-09,3,400,"[datetime.date(2016, 6, 21)]",16.225165562913904,58.333333333333336,0378-0183-01,"['Angina Pectoris', 'Anxiety Disorders', 'Esophageal and Gastric Varices', 'Heart Failure', 'Hypertension', 'Hypertension, Portal', 'Myocardial Infarction', 'Pheochromocytoma', 'Tachycardia, Supraventricular', 'Ventricular Fibrillation', 'Panic Disorder', 'Tachycardia, Ventricular', 'Essential Tremor']"
1725079,Bupivacaine,2.5 MG/ML (expressed as Bupivacaine Hydrochloride),2016-06-24,2016-06-24,1,10,"[datetime.date(2016, 6, 24)]",0.11589403973509933,-1,0409-1559-10,['Pain']
198211,Simvastatin,40 MG,2016-07-08,2016-07-08,1,2,"[datetime.date(2016, 7, 8)]",0.023178807947019864,-1,16714068403,"['Arteriosclerosis', 'Coronary Artery Disease', 'Hypercholesterolemia', 'Hyperlipidemias', 'Hyperlipoproteinemias', 'Hypertriglyceridemia']"
1658102,"Hepatitis A Vaccine, Inactivated",50 UNT/ML,2016-07-08,2016-07-08,1,2,"[datetime.date(2016, 7, 8)]",0.023178807947019864,-1,0006-4841-00,[]
966158,Thyroxine,0.025 MG (expressed as Levothyroxine Sodium),2016-07-08,2016-08-26,2,1000,"[datetime.date(2016, 7, 8)]",34.7682119205298,71.42857142857143,0074-4341-19,"['Goiter', 'Hypothyroidism', 'Myxedema', 'Thyroid Neoplasms', 'Thyroiditis, Autoimmune', 'Thyrotoxicosis']"
905283,Trihexyphenidyl,5 MG (expressed as Trihexyphenidyl Hydrochloride),2016-07-12,2016-07-12,1,600,"[datetime.date(2016, 7, 12)]",6.95364238410596,-1,0591-5337-01,"['Abnormalities, Drug-Induced', 'Movement Disorders', 'Parkinson Disease']"
797544,Isopropyl Alcohol,0.7 ML/ML,2016-07-12,2016-07-12,1,500,"[datetime.date(2016, 7, 12)]",5.7947019867549665,-1,49348089610,[]
197379,Atenolol,100 MG,2016-07-12,2016-07-12,1,500,"[datetime.date(2016, 7, 12)]",5.7947019867549665,-1,0093-0753-05,"['Angina Pectoris', 'Atrial Fibrillation', 'Atrial Flutter', 'Heart Failure', 'Hypertension', 'Myocardial Infarction', 'Tachycardia, Supraventricular', 'Ventricular Fibrillation', 'Tachycardia, Ventricular']"
863669,tamsulosin,0.4 MG (expressed as Tamsulosin hydrochloride),2016-05-31,2016-09-30,3,300,"[datetime.date(2016, 5, 31), datetime.date(2016, 8, 19)]",12.748344370860925,25.0,0228-2996-11,['Prostatic Hyperplasia']
896185,salmeterol,0.1 MG/ACTUAT (expressed as Fluticasone propionate) / 0.05 MG/ACTUAT,2016-07-15,2016-07-15,1,360,"[datetime.date(2016, 7, 15)]",4.172185430463576,-1,0173-0695-00,"['Asthma', 'Bronchial Spasm', 'Lung Diseases, Obstructive', 'Rhinitis, Allergic, Perennial']"
854248,Enoxaparin,100 MG/ML (expressed as Enoxaparin sodium),2016-07-15,2016-07-15,1,10,"[datetime.date(2016, 7, 15)]",0.11589403973509933,-1,0548-5605-00,"['Angina, Unstable', 'Myocardial Infarction', 'Postoperative Complications', 'Pulmonary Embolism', 'Thromboembolism', 'Thrombophlebitis', 'Venous Thrombosis']"
309593,Vitamin B 12,1 MG,2016-07-19,2016-07-19,1,1300,"[datetime.date(2016, 7, 19)]",15.066225165562912,-1,0904-4217-13,"['Anemia, Pernicious', 'Diabetic Neuropathies', 'Multiple Sclerosis', 'Vitamin B 12 Deficiency', 'Alcoholic Neuropathy']"
308136,Amlodipine,2.5 MG,2016-07-22,2016-07-22,1,1500,"[datetime.date(2016, 7, 22)]",17.3841059602649,-1,67877019705,"['Angina Pectoris', 'Angina Pectoris, Variant', 'Hypertension']"
809536,Calcium Carbonate,1250 MG / 200 UNT,2016-07-22,2016-07-22,1,1000,"[datetime.date(2016, 7, 22)]",11.589403973509933,-1,0904-5460-80,"['Duodenal Ulcer', 'Dyspepsia', 'Esophagitis, Peptic', 'Gastroesophageal Reflux', 'Heartburn', 'Gastrointestinal Hemorrhage', 'Hypocalcemia', 'Kidney Failure, Chronic', 'Osteoporosis', 'Peptic Ulcer', 'Stomach Ulcer', 'Osteoporosis, Postmenopausal', 'Cardiovascular Diseases', 'Crohn Disease', 'Kidney Failure, Chronic', 'Lung Neoplasms', 'Neoplasms', 'Osteoporosis', 'Psoriasis', 'Skin Diseases', 'Skin Neoplasms']"
1154466,Vitamin D,1190 MG / 200 UNT,2016-07-22,2016-07-22,1,600,"[datetime.date(2016, 7, 22)]",6.95364238410596,-1,,"['Hypocalcemia', 'Osteoporosis', 'Osteoporosis, Postmenopausal']"
359296,calcium acetate,667 MG,2016-07-22,2016-07-29,2,200,"[datetime.date(2016, 7, 22)]",6.95364238410596,100.0,76282037702,"['Hypocalcemia', 'Kidney Failure, Chronic', 'Osteoporosis', 'Osteoporosis, Postmenopausal']"
891522,Ascorbic Acid,100 MG / 0.15 MG / 5 MG (expressed as Calcium Pantothenate) / 1 MG / 20 MG / 10 MG / 1.7 MG / 1.5 MG (expressed as Thiamine Mononitrate) / 0.006 MG,2016-07-29,2016-07-29,1,100,"[datetime.date(2016, 7, 29)]",1.1589403973509933,-1,63044062201,"['Beriberi', 'Metabolic Diseases', 'Pellagra', 'Thiamine Deficiency', 'Wernicke Encephalopathy', 'Alcoholic Neuropathy', 'Anemia, Pernicious', 'Diabetic Neuropathies', 'Multiple Sclerosis', 'Vitamin B 12 Deficiency', 'Alcoholic Neuropathy', 'Common Cold', 'Methemoglobinemia', 'Scurvy', 'Wounds, Penetrating', 'Tyrosinemias', 'Metabolism, Inborn Errors', 'Vitamin B Deficiency', 'Hypocalcemia', 'Osteoporosis', 'Osteoporosis, Postmenopausal', 'Anemia, Macrocytic', 'Anemia, Megaloblastic', 'Folic Acid Deficiency', 'Drug Toxicity', 'Seizures', 'Hyperlipidemias', 'Pellagra', 'Peripheral Vascular Diseases', 'Riboflavin Deficiency']"
309332,Clindamycin,0.01 MG/MG,2016-07-29,2016-07-29,1,3,"[datetime.date(2016, 7, 29)]",0.0347682119205298,-1,0168-0202-30,"['Acne Vulgaris', 'Actinomycetales Infections', 'Bacteroides Infections', 'Pneumonia, Pneumocystis', 'Staphylococcal Infections', 'Streptococcal Infections', 'Toxoplasmosis', 'Vaginosis, Bacterial']"
309309,Ciprofloxacin,500 MG,2016-08-02,2016-08-02,1,3,"[datetime.date(2016, 8, 2)]",0.0347682119205298,-1,16714065202,"['Anthrax', 'Bacterial Infections', 'Bacteroides Infections', 'Bone Diseases, Infectious', 'Campylobacter Infections', 'Conjunctivitis, Bacterial', 'Cystitis', 'Dysentery', 'Enterobacteriaceae Infections', 'Escherichia coli Infections', 'Fever', 'Gonorrhea', 'Haemophilus Infections', 'Klebsiella Infections', 'Neutropenia', 'Osteomyelitis', 'Prostatitis', 'Proteus Infections', 'Pseudomonas Infections', 'Respiratory Tract Infections', 'Salmonella Infections', 'Sinusitis', 'Staphylococcal Infections', 'Typhoid Fever', 'Urinary Tract Infections', 'Eye Infections, Bacterial', 'Gram-Negative Bacterial Infections', 'Skin Diseases, Bacterial']"
1311535,norgestimate,,2016-08-02,2016-08-02,1,336,"[datetime.date(2016, 8, 2)]",3.8940397350993377,-1,16714036304,"['Amenorrhea', 'Infertility, Female', 'Uterine Hemorrhage', 'Breast Neoplasms', 'Hypogonadism', 'Menopause, Premature', 'Menorrhagia', 'Ovarian Diseases', 'Prostatic Neoplasms', 'Primary Ovarian Insufficiency', 'Hot Flashes']"
753543,Desogestrel,,2016-08-02,2016-08-02,1,336,"[datetime.date(2016, 8, 2)]",3.8940397350993377,-1,52544095428,"['Acne Vulgaris', 'Endometriosis', 'Menstruation Disturbances', 'Breast Neoplasms', 'Hypogonadism', 'Menopause, Premature', 'Menorrhagia', 'Ovarian Diseases', 'Prostatic Neoplasms', 'Primary Ovarian Insufficiency', 'Hot Flashes']"
198035,Nifedipine,60 MG,2016-08-05,2016-08-05,1,200,"[datetime.date(2016, 8, 5)]",2.3178807947019866,-1,51079089620,"['Angina Pectoris', 'Angina Pectoris, Variant', 'Hypertension']"
966250,Thyroxine,0.1 MG (expressed as Levothyroxine Sodium),2016-08-05,2016-08-23,3,450,"[datetime.date(2016, 8, 5), datetime.date(2016, 8, 23)]",5.215231788079469,87.5,0074-6624-90,"['Goiter', 'Hypothyroidism', 'Myxedema', 'Thyroid Neoplasms', 'Thyroiditis, Autoimmune', 'Thyrotoxicosis']"
1052954,Petrolatum,0.41 MG/MG,2016-08-09,2016-08-09,1,2,"[datetime.date(2016, 8, 9)]",0.023178807947019864,-1,72140003147,[]
197362,Lactate,120 MG/ML (expressed as ammonium lactate),2016-08-09,2016-08-09,1,2,"[datetime.date(2016, 8, 9)]",0.023178807947019864,-1,0904-5984-26,"['Keratosis', 'Ichthyosis Vulgaris']"
861200,brimonidine,2 MG/ML (expressed as Brimonidine tartrate),2016-08-09,2016-08-09,1,4,"[datetime.date(2016, 8, 9)]",0.04635761589403973,-1,24208041105,"['Glaucoma, Open-Angle', 'Ocular Hypertension']"
312617,Prednisone,5 MG,2016-08-12,2016-08-12,1,2000,"[datetime.date(2016, 8, 12)]",23.178807947019866,-1,59746017210,"['Adrenal Insufficiency', 'Autoimmune Diseases', 'Collagen Diseases', 'Eye Diseases', 'Gastrointestinal Diseases', 'Graft vs Host Disease', 'Hematologic Diseases', 'Hypercalcemia', 'Hypersensitivity', 'Inflammation', 'Neoplasms', 'Respiratory Tract Diseases', 'Rheumatic Diseases', 'Skin Diseases']"
859747,rosuvastatin,10 MG (expressed as Rosuvastatin calcium),2016-08-12,2016-08-12,1,900,"[datetime.date(2016, 8, 12)]",10.430463576158939,-1,60505450309,[]
312938,Sertraline,100 MG,2016-08-16,2016-08-16,1,500,"[datetime.date(2016, 8, 16)]",5.7947019867549665,-1,31722021405,"['Anxiety Disorders', 'Feeding and Eating Disorders', 'Depressive Disorder', 'Obsessive-Compulsive Disorder', 'Stress Disorders, Post-Traumatic', 'Panic Disorder']"
861434,Clobetasol,0.0005 MG/MG (expressed as Clobetasol Propionate),2016-08-16,2016-08-16,1,5,"[datetime.date(2016, 8, 16)]",0.057947019867549666,-1,45802092514,"['Dermatitis', 'Facial Dermatoses', 'Foot Dermatoses', 'Hand Dermatoses', 'Inflammation', 'Leg Dermatoses', 'Scalp Dermatoses']"
859419,rosuvastatin,40 MG (expressed as Rosuvastatin calcium),2016-08-16,2016-08-16,1,300,"[datetime.date(2016, 8, 16)]",3.47682119205298,-1,60505450503,[]
617312,atorvastatin,10 MG,2016-08-19,2016-08-19,1,2000,"[datetime.date(2016, 8, 19)]",23.178807947019866,-1,60505257808,"['Arteriosclerosis', 'Coronary Artery Disease', 'Hypercholesterolemia', 'Hyperlipidemias', 'Hyperlipoproteinemias', 'Hypertriglyceridemia']"
197518,Clindamycin,150 MG,2016-08-19,2016-08-19,1,200,"[datetime.date(2016, 8, 19)]",2.3178807947019866,-1,0591-5708-01,"['Acne Vulgaris', 'Actinomycetales Infections', 'Bacteroides Infections', 'Pneumonia, Pneumocystis', 'Staphylococcal Infections', 'Streptococcal Infections', 'Toxoplasmosis', 'Vaginosis, Bacterial']"
876214,POLYETHYLENE GLYCOL 3350,142 MG/ML,2016-08-23,2016-08-23,1,10,"[datetime.date(2016, 8, 23)]",0.11589403973509933,-1,43386031214,[]
995632,Meclizine,25 MG (expressed as Meclizine Hydrochloride),2016-08-23,2016-08-23,1,1000,"[datetime.date(2016, 8, 23)]",11.589403973509933,-1,0536-1018-10,"['Motion Sickness', 'Vertigo']"
311486,meloxicam,7.5 MG,2016-08-23,2016-08-23,1,1000,"[datetime.date(2016, 8, 23)]",11.589403973509933,-1,61442012610,['Osteoarthritis']
198051,Omeprazole,20 MG,2016-03-30,2016-08-23,2,3000,"[datetime.date(2016, 3, 30)]",57.94701986754966,71.91780821917808,68462023110,"['Duodenal Ulcer', 'Esophagitis', 'Gastroesophageal Reflux', 'Heartburn', 'Peptic Ulcer', 'Stomach Ulcer', 'Zollinger-Ellison Syndrome', 'Helicobacter Infections']"
198741,Magnesium Oxide,400 MG,2016-08-26,2016-08-26,1,360,"[datetime.date(2016, 8, 26)]",4.172185430463576,-1,0536-3521-41,"['Dyspepsia', 'Magnesium Deficiency']"
198223,Spironolactone,50 MG,2016-08-26,2016-08-30,2,1000,"[datetime.date(2016, 8, 26)]",17.3841059602649,875.0,53746051405,"['Ascites', 'Edema', 'Heart Failure', 'Hirsutism', 'Hyperaldosteronism', 'Hypertension', 'Hypokalemia']"
311288,Levetiracetam,250 MG,2016-08-30,2016-08-30,1,240,"[datetime.date(2016, 8, 30)]",2.781456953642384,-1,16714035401,"['Epilepsies, Partial']"
705728,Cholecalciferol,50000 UNT,2016-08-30,2016-08-30,1,100,"[datetime.date(2016, 8, 30)]",1.1589403973509933,-1,75834002001,"['Cardiovascular Diseases', 'Crohn Disease', 'Kidney Failure, Chronic', 'Lung Neoplasms', 'Neoplasms', 'Osteoporosis', 'Psoriasis', 'Skin Diseases', 'Skin Neoplasms']"
688242,"Estrogens, Conjugated (USP)",0.625 MG/ML,2016-09-09,2016-09-09,1,1,"[datetime.date(2016, 9, 9)]",0.011589403973509932,-1,0046-0872-21,"['Breast Neoplasms', 'Hypogonadism', 'Menopause, Premature', 'Menorrhagia', 'Ovarian Diseases', 'Prostatic Neoplasms', 'Primary Ovarian Insufficiency', 'Hot Flashes']"
310385,Fluoxetine,20 MG,2016-09-13,2016-09-13,1,400,"[datetime.date(2016, 9, 13)]",4.635761589403973,-1,65862019301,"['Bulimia', 'Depressive Disorder', 'Obsessive-Compulsive Disorder', 'Panic Disorder']"
1648759,Nitrofurantoin,"100 MG (expressed as NITROFURANTOIN, MACROCRYSTALS)",2016-09-13,2016-09-13,1,100,"[datetime.date(2016, 9, 13)]",1.1589403973509933,-1,47781030801,"['Urinary Tract Infections', 'Gram-Negative Bacterial Infections', 'Gram-Positive Bacterial Infections']"
801663,Cholecalciferol,2000 UNT,2016-09-15,2016-09-15,1,200,"[datetime.date(2016, 9, 15)]",2.3178807947019866,-1,0904-6157-60,"['Cardiovascular Diseases', 'Crohn Disease', 'Kidney Failure, Chronic', 'Lung Neoplasms', 'Neoplasms', 'Osteoporosis', 'Psoriasis', 'Skin Diseases', 'Skin Neoplasms']"
1797892,fluticasone,0.0275 MG/ACTUAT (expressed as fluticasone furoate),2016-09-15,2016-09-15,1,600,"[datetime.date(2016, 9, 15)]",6.95364238410596,-1,0173-0753-00,"['Rhinitis, Allergic, Perennial']"
197320,Allopurinol,300 MG,2016-09-20,2016-09-20,1,2,"[datetime.date(2016, 9, 20)]",0.023178807947019864,-1,16714004210,['Gout']
199885,Levofloxacin,500 MG,2016-09-13,2016-09-13,1,200,"[datetime.date(2016, 9, 13)]",2.3178807947019866,-1,0904-6352-61,"['Bronchitis', 'Chlamydia Infections', 'Escherichia coli Infections', 'Haemophilus Infections', 'Klebsiella Infections', ""Legionnaires' Disease"", 'Mycoplasma Infections', 'Proteus Infections', 'Pseudomonas Infections', 'Pyelonephritis', 'Respiratory Tract Infections', 'Salmonella Infections', 'Sinusitis', 'Staphylococcal Infections', 'Streptococcal Infections', 'Tuberculosis, Pulmonary', 'Urinary Tract Infections', 'Maxillary Sinusitis', 'Eye Infections, Bacterial', 'Gram-Negative Bacterial Infections', 'Skin Diseases, Bacterial', 'Pneumonia, Bacterial', 'Soft Tissue Infections']"
311681,Metronidazole,500 MG,2016-09-09,2016-09-09,1,100,"[datetime.date(2016, 9, 9)]",1.1589403973509933,-1,50111033401,"['Abscess', 'Amebiasis', 'Bacteroides Infections', 'Clostridium Infections', 'Enterocolitis, Pseudomembranous', 'Giardiasis', 'Postoperative Complications', 'Rosacea', 'Surgical Wound Infection', 'Trichomonas Vaginitis', 'Helicobacter Infections', 'Vaginosis, Bacterial']"
199362,Cholecalciferol,1000 UNT,2016-09-15,2016-09-15,1,300,"[datetime.date(2016, 9, 15)]",3.47682119205298,-1,0536-3334-01,"['Cardiovascular Diseases', 'Crohn Disease', 'Kidney Failure, Chronic', 'Lung Neoplasms', 'Neoplasms', 'Osteoporosis', 'Psoriasis', 'Skin Diseases', 'Skin Neoplasms']"
856783,Amitriptyline,10 MG (expressed as Amitriptyline Hydrochloride),2016-09-13,2016-09-13,1,1000,"[datetime.date(2016, 9, 13)]",11.589403973509933,-1,0781-1486-10,"['Depressive Disorder', 'Pain']"
312136,oxcarbazepine,150 MG,2016-09-09,2016-09-09,1,500,"[datetime.date(2016, 9, 9)]",5.7947019867549665,-1,51991029205,"['Epilepsies, Partial']"
313222,terbinafine,250 MG,2016-09-20,2016-09-20,1,1,"[datetime.date(2016, 9, 20)]",0.011589403973509932,-1,16714050102,"['Candidiasis, Chronic Mucocutaneous', 'Dermatomycoses', 'Mycoses', 'Tinea', 'Tinea Capitis', 'Tinea Pedis', 'Onychomycosis', 'Tinea Versicolor']"
199888,topiramate,25 MG,2016-09-13,2016-09-13,1,500,"[datetime.date(2016, 9, 13)]",5.7947019867549665,-1,47335070713,"['Bipolar Disorder', 'Epilepsies, Partial', 'Epilepsy, Tonic-Clonic', 'Pain', 'Spasms, Infantile']"
198039,Nitroglycerin,0.4 MG,2016-09-09,2016-09-09,1,200,"[datetime.date(2016, 9, 9)]",2.3178807947019866,-1,43598043601,"['Angina Pectoris', 'Eclampsia', 'Fissure in Ano', 'Heart Failure', 'Hypertension', 'Hypertension, Pulmonary', 'Intraoperative Complications', 'Myocardial Infarction', 'Esophageal Spasm, Diffuse', 'Myocardial Ischemia']"
105585,Methotrexate,2.5 MG,2016-09-20,2016-09-20,1,100,"[datetime.date(2016, 9, 20)]",1.1589403973509933,-1,0378-0014-01,"['Arthritis, Juvenile', 'Arthritis, Rheumatoid', 'Breast Neoplasms', 'Esophageal Neoplasms', 'Head and Neck Neoplasms', 'Leukemia', 'Lung Neoplasms', 'Lymphoma', 'Mycosis Fungoides', 'Psoriasis', 'Sarcoma', 'Osteosarcoma', 'Stomach Neoplasms', 'Testicular Neoplasms', 'Trophoblastic Neoplasms']"
103401,Hydrocortisone,0.025 MG/MG,2016-09-13,2016-09-13,1,5,"[datetime.date(2016, 9, 13)]",0.057947019867549666,-1,45802001402,"['Adrenal Insufficiency', 'Adrenal Hyperplasia, Congenital', 'Colitis, Ulcerative', 'Facial Dermatoses', 'Foot Dermatoses', 'Hand Dermatoses', 'Hemorrhoids', 'Inflammation', 'Leg Dermatoses', 'Pruritus Ani', 'Rheumatic Diseases', 'Scalp Dermatoses', 'Shock', 'Status Asthmaticus', 'Skin Diseases, Eczematous']"
